id,first_name,last_name,email,dog_name,dog_gender,dog_breed,address,zipcode,dog_personality,dog_age
1,Mira,Twiggins,mtwiggins0@parallels.com,"Mongoose, javan gold-spotted",Female,60,284 Pawling Alley,26925,1,11
2,Nestor,Cubley,ncubley1@amazon.co.uk,"Squirrel, thirteen-lined",Male,64,60 Mallory Plaza,93915,2,19
3,Stevy,Kerfut,skerfut2@facebook.com,Secretary bird,Male,74,40 Dorton Street,97217,1,1
4,Emelda,Nutten,enutten3@vinaora.com,Greylag goose,Female,5,29 Old Shore Street,36030,1,11
5,Diena,Bettridge,dbettridge4@stanford.edu,"Jackal, golden",Female,7,2 American Ash Crossing,66334,1,12
6,Gery,Aleksich,galeksich5@sitemeter.com,"Cat, civet",Male,29,38764 Nobel Circle,18030,4,20
7,Goldie,de Clercq,gdeclercq6@arizona.edu,"Fowl, helmeted guinea",Female,70,70849 Mcbride Alley,52509,0,6
8,Jessalyn,Dyerson,jdyerson7@example.com,"Plover, three-banded",Female,0,16080 Morningstar Point,46504,5,19
9,Nerta,Leverage,nleverage8@hp.com,"Tortoise, radiated",Female,31,8322 Roth Hill,55849,0,11
10,Hersch,Bolitho,hbolitho9@yellowbook.com,"Cat, tiger",Male,1,249 Stang Way,63602,4,8
11,Dickie,Anderson,dandersona@goo.ne.jp,Pied crow,Male,60,4723 Lien Alley,40474,2,7
12,Zsazsa,Idill,zidillb@ibm.com,"Swan, black",Female,66,343 Cascade Park,93424,3,18
13,Adolphe,Pirelli,apirellic@booking.com,American beaver,Male,18,84700 Westridge Trail,18011,2,13
14,Andra,Jentgens,ajentgensd@wired.com,Thomson's gazelle,Female,55,18153 Jenna Park,18516,3,13
15,Salli,Sudron,ssudrone@myspace.com,Red-knobbed coot,Female,71,137 Pond Alley,71915,1,1
16,Elisabeth,Emberton,eembertonf@bloglovin.com,Gulls (unidentified),Female,19,5270 Rockefeller Park,96359,2,8
17,Romy,Shepherdson,rshepherdsong@com.com,Grey mouse lemur,Female,59,636 Brentwood Road,59720,3,5
18,Zacharias,Pantecost,zpantecosth@typepad.com,"White-eye, cape",Male,42,3 Evergreen Pass,51719,0,9
19,Arabele,Seckington,aseckingtoni@is.gd,Australian brush turkey,Female,16,47075 Katie Park,26091,2,16
20,Ferne,Gentzsch,fgentzschj@com.com,Northern elephant seal,Female,60,49 Loomis Alley,53490,0,14
21,Kienan,Silburn,ksilburnk@businessinsider.com,Common langur,Male,59,0 Sutherland Center,68893,3,20
22,Charley,Springett,cspringettl@bizjournals.com,Netted rock dragon,Male,12,5215 Northfield Plaza,84150,5,6
23,Karie,Robotham,krobothamm@hubpages.com,"Glider, sugar",Female,94,568 Green Ridge Lane,90788,4,8
24,Bessie,Harrowsmith,bharrowsmithn@noaa.gov,"Whale, long-finned pilot",Female,84,53678 Linden Road,24242,4,16
25,Raddy,Vasilyonok,rvasilyonoko@examiner.com,"Crow, house",Male,49,98 Michigan Avenue,28503,2,1
26,Hall,Leyfield,hleyfieldp@canalblog.com,Indian giant squirrel,Male,4,885 Manley Junction,87857,5,14
27,Camala,Tropman,ctropmanq@desdev.cn,"Seal, northern elephant",Female,37,8 Corry Junction,48525,5,8
28,Waite,Bevens,wbevensr@vk.com,"Fox, blue",Male,84,19 Brown Park,71222,3,8
29,Torre,Trivett,ttrivetts@comcast.net,"Deer, swamp",Male,78,90269 Prairieview Way,11190,1,10
30,Ana,Wozencraft,awozencraftt@nyu.edu,African fish eagle,Female,54,507 Hayes Way,96937,3,11
31,Chickie,Truder,ctruderu@technorati.com,"Deer, red",Male,57,0145 Old Shore Place,30806,3,20
32,Karilynn,Neilands,kneilandsv@ow.ly,"Vulture, lappet-faced",Female,4,395 4th Circle,74107,3,8
33,Gris,Baford,gbafordw@uiuc.edu,Red-breasted cockatoo,Male,19,3512 Atwood Trail,72636,0,1
34,Far,Roycroft,froycroftx@loc.gov,Red meerkat,Male,0,1794 Tennessee Street,19161,4,14
35,Terrence,Cowburn,tcowburny@example.com,"Ibis, puna",Male,9,42 Pepper Wood Circle,46795,4,2
36,Gail,Bratcher,gbratcherz@msn.com,Glossy starling (unidentified),Male,31,4 Lake View Center,23407,4,14
37,Riley,Firidolfi,rfiridolfi10@elpais.com,Great kiskadee,Male,83,285 Ryan Junction,29276,5,19
38,Emile,Dollman,edollman11@sourceforge.net,"Starfish, crown of thorns",Male,54,486 Sherman Drive,18548,1,5
39,Jeane,Cockin,jcockin12@google.de,White-throated monitor,Female,74,433 Mifflin Plaza,71964,0,18
40,Almeda,Coast,acoast13@ning.com,Striped hyena,Female,42,5 Graceland Drive,16405,1,16
41,Bernardine,Kneath,bkneath14@walmart.com,"Marten, american",Female,76,48 Swallow Road,63980,3,10
42,Jacqui,Teideman,jteideman15@google.co.uk,"Cobra, cape",Female,68,76 Chinook Plaza,94947,0,13
43,Niels,Peidro,npeidro16@wikia.com,"Fowl, helmeted guinea",Male,58,6415 Onsgard Center,60447,3,18
44,Aurelia,Pepye,apepye17@wired.com,Long-crested hawk eagle,Female,57,1228 Charing Cross Place,18999,0,5
45,Archie,Squirrel,asquirrel18@wikipedia.org,"Caiman, spectacled",Male,96,7442 Norway Maple Park,83705,1,15
46,Vergil,Peto,vpeto19@hostgator.com,"Tern, arctic",Male,14,49 John Wall Pass,82735,2,13
47,Tessy,Maxworthy,tmaxworthy1a@zdnet.com,Superb starling,Female,95,3 Ronald Regan Junction,37402,2,6
48,Wallis,Cotsford,wcotsford1b@shinystat.com,"Macaw, red and blue",Male,38,011 Vernon Way,23489,1,16
49,Clari,Naulty,cnaulty1c@ox.ac.uk,Lizard (unidentified),Female,58,0188 Oneill Center,87595,0,11
50,Redd,Glanz,rglanz1d@mapy.cz,Galapagos sea lion,Male,42,76085 Ridgeway Place,67170,5,18
51,Cody,Amoss,camoss1e@rediff.com,Red-tailed phascogale,Female,80,75 Eagan Junction,64193,0,3
52,Marcelo,Aspinell,maspinell1f@psu.edu,"Lemur, brown",Male,68,2 Michigan Park,38442,0,15
53,Cletis,Aspinell,caspinell1g@php.net,Collared lizard,Male,51,1123 Rutledge Place,95730,0,11
54,Ware,Nuschke,wnuschke1h@shop-pro.jp,"Nighthawk, common",Male,83,3 Karstens Trail,83560,3,6
55,Siobhan,Sturror,ssturror1i@netscape.com,Grey heron,Female,43,27279 Transport Crossing,65496,4,1
56,Lucia,Casper,lcasper1j@state.tx.us,"Legaan, Monitor (unidentified)",Female,85,82872 Victoria Hill,62541,2,7
57,Tannie,Massel,tmassel1k@artisteer.com,Grey phalarope,Male,18,836 Paget Alley,58453,0,12
58,Virgie,Kleeborn,vkleeborn1l@thetimes.co.uk,Goanna lizard,Female,58,27576 Badeau Circle,35405,5,18
59,Natala,Stoddart,nstoddart1m@globo.com,Bushbuck,Female,25,713 Coolidge Hill,78865,0,3
60,Shirleen,Bagworth,sbagworth1n@blogger.com,Square-lipped rhinoceros,Female,21,59556 Esch Hill,72002,0,7
61,Aymer,Halbord,ahalbord1o@unc.edu,Yellow mongoose,Male,37,63 2nd Trail,62106,2,10
62,Hanni,McGrowther,hmcgrowther1p@plala.or.jp,African elephant,Female,22,8919 Erie Park,71105,0,13
63,Karee,Millership,kmillership1q@google.es,White stork,Female,4,4 1st Avenue,91504,2,5
64,Georges,Coltman,gcoltman1r@twitter.com,"Lion, steller's sea",Male,95,29 Hooker Avenue,88634,2,19
65,Ode,Seiller,oseiller1s@technorati.com,Snow goose,Male,31,1 Lillian Pass,95411,2,7
66,Araldo,Flay,aflay1t@census.gov,"Cat, tiger",Male,36,5 Cody Parkway,22739,0,9
67,Sileas,Garth,sgarth1u@rakuten.co.jp,Emerald-spotted wood dove,Female,57,742 Becker Lane,17052,5,15
68,Davy,Chadwick,dchadwick1v@mediafire.com,"Rhea, gray",Male,77,84813 Westridge Point,51594,2,6
69,Frasier,Alsobrook,falsobrook1w@nifty.com,"Stork, yellow-billed",Male,16,3483 Stang Road,72872,1,7
70,Valentino,Mussilli,vmussilli1x@stanford.edu,Black spider monkey,Male,50,2 Northland Center,71102,3,10
71,Wren,Tellwright,wtellwright1y@gnu.org,"Teal, hottentot",Female,75,1994 Mallard Terrace,91663,3,16
72,Chiarra,Reymers,creymers1z@bizjournals.com,"Cat, african wild",Female,89,708 Redwing Center,29691,4,15
73,Lutero,Marnane,lmarnane20@prweb.com,Desert kangaroo rat,Male,51,9 Cody Park,62092,3,18
74,Aluino,Nares,anares21@github.com,Uinta ground squirrel,Male,57,01 Muir Terrace,50235,3,20
75,Andee,Rochewell,arochewell22@wix.com,"Kingfisher, white-throated",Female,31,5 Brentwood Trail,39137,4,17
76,Angelia,Belford,abelford23@qq.com,Long-billed cockatoo,Female,79,309 Upham Way,36611,4,6
77,Jamesy,Proppers,jproppers24@fastcompany.com,"Turkey, common",Male,26,357 Monument Center,70169,5,11
78,Windham,Southern,wsouthern25@google.it,Western patch-nosed snake,Male,75,90926 Merrick Drive,57174,3,1
79,Parsifal,Larrosa,plarrosa26@devhub.com,Scaly-breasted lorikeet,Male,5,4 Kim Street,18170,4,12
80,Leupold,Tipperton,ltipperton27@admin.ch,Gelada baboon,Male,6,3419 Hintze Junction,94442,1,11
81,Isis,Gaishson,igaishson28@dailymotion.com,"Heron, green",Female,99,22747 Eastwood Street,41836,0,17
82,Caesar,Keave,ckeave29@sakura.ne.jp,"Fox, bat-eared",Male,77,2392 Service Terrace,94087,3,8
83,Aura,Lindfors,alindfors2a@infoseek.co.jp,"Cat, african wild",Female,11,88679 Jana Park,51952,4,1
84,Broddie,Edgerly,bedgerly2b@si.edu,"Goose, andean",Male,24,55422 Redwing Street,29897,1,16
85,Chastity,Manon,cmanon2c@princeton.edu,Paradoxure,Female,91,272 Brown Alley,46471,4,15
86,Johnny,McDowall,jmcdowall2d@github.io,"Nighthawk, common",Male,59,2312 Reindahl Street,60333,5,9
87,Remington,Haistwell,rhaistwell2e@dot.gov,Tawny eagle,Male,26,64 Eagan Road,68540,3,19
88,Harriette,Maryott,hmaryott2f@dedecms.com,"Gazelle, thomson's",Female,100,96 Daystar Point,27753,3,16
89,Arri,Doull,adoull2g@time.com,"Cat, ringtail",Male,78,9 Redwing Parkway,93384,0,10
90,Marvin,Matushevitz,mmatushevitz2h@soundcloud.com,Blue and gold macaw,Male,29,25659 Pennsylvania Park,19549,0,7
91,Kaye,Hodinton,khodinton2i@jigsy.com,"Lion, australian sea",Female,40,22474 Pearson Terrace,39018,2,7
92,Joella,Dancey,jdancey2j@bizjournals.com,"Crow, american",Female,85,6002 Waubesa Parkway,37969,3,4
93,Brandy,Mosten,bmosten2k@miibeian.gov.cn,Great kiskadee,Male,62,6 Florence Hill,80432,3,17
94,Wolfgang,Saffill,wsaffill2l@psu.edu,Campo flicker,Male,34,30 Aberg Parkway,18257,2,3
95,Kimble,Meneo,kmeneo2m@sourceforge.net,Swallow-tail gull,Male,23,6 Monica Street,44794,2,20
96,Arielle,Oultram,aoultram2n@miibeian.gov.cn,Collared peccary,Female,99,46 Monica Crossing,46635,5,13
97,Duff,Fretter,dfretter2o@pcworld.com,Dark-winged trumpeter,Male,67,71 Elgar Center,23966,2,3
98,Jo-ann,Creech,jcreech2p@unesco.org,Galapagos penguin,Female,79,07 Hauk Road,18853,1,12
99,Viviyan,Silson,vsilson2q@issuu.com,River wallaby,Female,27,4681 Center Court,11518,2,18
100,Jonie,Dagless,jdagless2r@shutterfly.com,"Parakeet, rose-ringed",Female,64,2633 Fremont Plaza,13341,0,15
101,Paulo,Dabels,pdabels2s@webnode.com,White-browed sparrow weaver,Male,46,1 Lotheville Parkway,80561,2,20
102,Orin,Fairhead,ofairhead2t@sourceforge.net,Kirk's dik dik,Male,88,8 Debs Terrace,49636,1,10
103,Serena,Syred,ssyred2u@dyndns.org,White-faced tree rat,Female,63,614 Declaration Hill,67194,2,13
104,Isidoro,Eckels,ieckels2v@cornell.edu,"Colobus, black and white",Male,6,530 Goodland Parkway,84463,3,18
105,Cissy,Schofield,cschofield2w@xrea.com,Great cormorant,Female,83,14171 Menomonie Hill,36171,2,4
106,Wynny,Bustin,wbustin2x@unc.edu,Capybara,Female,55,27991 Farwell Pass,50452,5,8
107,Melisande,Pimblott,mpimblott2y@dion.ne.jp,Asian openbill,Female,50,445 Katie Center,86155,0,1
108,Bibbie,Orry,borry2z@arizona.edu,Hippopotamus,Female,26,510 Lyons Street,13293,1,10
109,Mandel,Bambrick,mbambrick30@last.fm,"Darter, african",Male,57,8 Miller Parkway,65518,1,10
110,Edita,Oliver,eoliver31@furl.net,Asian water dragon,Female,61,6 Mcguire Court,42495,4,8
111,Tomlin,Shinton,tshinton32@usgs.gov,"Dove, mourning collared",Male,98,6 Pearson Lane,34870,5,2
112,Ellette,Skade,eskade33@tamu.edu,"Roller, lilac-breasted",Female,62,63812 Summit Park,62971,1,10
113,Jessamine,Glass,jglass34@surveymonkey.com,Cougar,Female,87,28 Reindahl Center,39420,2,5
114,Abdel,Clows,aclows35@ebay.co.uk,"Snake, carpet",Male,42,60617 Green Ridge Pass,31481,0,1
115,Jan,Golson,jgolson36@harvard.edu,"Squirrel, african bush",Male,58,42774 Raven Junction,27528,0,18
116,Lemar,Revington,lrevington37@tmall.com,"Buffalo, asian water",Male,9,1 Mccormick Circle,39407,2,19
117,Arly,Pedrielli,apedrielli38@lycos.com,"Dog, african wild",Female,80,0 Moulton Drive,48239,2,17
118,Kelsi,Dearell,kdearell39@geocities.com,Stanley crane,Female,90,75 Daystar Alley,42034,5,5
119,Deck,Macguire,dmacguire3a@discovery.com,"Duiker, common",Male,72,53928 Corscot Way,95384,2,11
120,Kaylil,Gauge,kgauge3b@ted.com,Swamp deer,Female,74,520 Weeping Birch Park,54171,3,8
121,Darwin,Winnett,dwinnett3c@1688.com,"Booby, masked",Male,79,17 Stoughton Crossing,61850,4,8
122,Malorie,Lukins,mlukins3d@biblegateway.com,Moose,Female,61,14927 Thackeray Street,23854,3,4
123,Daron,Duddan,dduddan3e@cyberchimps.com,Levaillant's barbet,Female,49,8154 Sachs Avenue,19295,1,2
124,Urbain,Kynvin,ukynvin3f@vinaora.com,"Dragon, ornate rock",Male,45,609 Hayes Junction,60871,2,5
125,Beatrice,Weatherell,bweatherell3g@patch.com,"Gecko, ring-tailed",Female,33,8046 Karstens Park,12595,0,19
126,Pyotr,Dobrovolny,pdobrovolny3h@spiegel.de,"Iguana, common green",Male,50,75 Dapin Circle,84416,4,20
127,Babara,Kiernan,bkiernan3i@devhub.com,"Moorhen, purple",Female,73,71 Garrison Pass,22659,3,3
128,Dedie,Predohl,dpredohl3j@google.cn,Lesser masked weaver,Female,96,47057 Service Way,39061,0,19
129,Jeana,Carah,jcarah3k@myspace.com,"Legaan, water",Female,78,85230 South Point,93063,2,2
130,Melessa,Drinkwater,mdrinkwater3l@alibaba.com,Indian giant squirrel,Female,64,8619 Fairfield Street,27268,5,12
131,Darlene,Stutard,dstutard3m@photobucket.com,"Crane, brolga",Female,90,7 Northfield Road,71853,3,20
132,Bel,Buckhurst,bbuckhurst3n@mail.ru,"Squirrel, european red",Female,23,24030 Warrior Hill,79730,3,13
133,Mureil,Reast,mreast3o@irs.gov,Scaly-breasted lorikeet,Female,67,868 Declaration Way,71830,3,8
134,Stephan,Temblett,stemblett3p@craigslist.org,"Skua, long-tailed",Male,33,70 Nelson Parkway,13264,0,9
135,Bartel,Nealey,bnealey3q@uol.com.br,"Salmon, sockeye",Male,66,36 Kings Center,37393,4,9
136,Kenn,Bonnick,kbonnick3r@imdb.com,Goanna lizard,Male,30,9 Knutson Lane,45150,5,2
137,Gavin,Trimmill,gtrimmill3s@sciencedaily.com,"Baboon, olive",Male,25,2807 Dayton Hill,17319,2,6
138,Kellsie,Bernhart,kbernhart3t@blog.com,Water moccasin,Female,75,07361 Armistice Park,98135,2,8
139,Chrissy,Lithgow,clithgow3u@php.net,White-bellied sea eagle,Male,24,7933 Talisman Lane,18612,1,19
140,Sissy,Rosborough,srosborough3v@fc2.com,"Sandpiper, spotted wood",Female,46,04723 Kenwood Circle,22727,2,16
141,Nigel,Janikowski,njanikowski3w@sfgate.com,"Cormorant, large",Male,34,30129 Forest Dale Park,90847,0,12
142,Thorstein,Kernar,tkernar3x@reference.com,Swallow-tail gull,Male,36,2 Butternut Plaza,68249,0,9
143,Rebecca,Ruxton,rruxton3y@ucla.edu,Brush-tailed phascogale,Female,41,15 Hovde Pass,39253,4,6
144,Claire,Petrakov,cpetrakov3z@miibeian.gov.cn,"Wallaby, bennett's",Male,43,636 Pearson Point,82431,5,11
145,Merlina,Hughland,mhughland40@telegraph.co.uk,"Moorhen, purple",Female,57,05 Del Sol Junction,75333,2,5
146,Gabriello,Sappell,gsappell41@dell.com,Chimpanzee,Male,9,5667 Eliot Circle,96811,4,12
147,Ninette,Doggerell,ndoggerell42@home.pl,"Squirrel, nelson ground",Female,87,00 Calypso Road,50284,4,1
148,Maiga,Kohnert,mkohnert43@foxnews.com,"Darter, african",Female,80,269 Northfield Alley,36192,1,15
149,Cris,Simondson,csimondson44@lulu.com,"Elephant, asian",Male,39,86 Glendale Pass,90977,2,4
150,Caesar,Lukins,clukins45@springer.com,"Gull, pacific",Male,68,3427 Sutherland Place,38278,3,3
151,Robyn,McRorie,rmcrorie46@clickbank.net,Frilled dragon,Female,18,06 Carey Park,11937,2,18
152,Georgetta,Ghiriardelli,gghiriardelli47@chronoengine.com,"Penguin, fairy",Female,99,92 Judy Place,25871,1,6
153,Kalindi,Lofty,klofty48@jimdo.com,Common eland,Female,59,601 Banding Park,35721,0,13
154,Ellerey,Cowper,ecowper49@cbc.ca,Indian peacock,Male,37,9233 Clove Crossing,83581,2,12
155,Abie,Dybell,adybell4a@domainmarket.com,White spoonbill,Male,67,252 Nobel Parkway,52518,5,16
156,Carmella,Hartington,chartington4b@unblog.fr,"Otter, cape clawless",Female,7,3614 Boyd Trail,36768,1,8
157,Betteann,Dibbe,bdibbe4c@redcross.org,Western patch-nosed snake,Female,26,9901 Shasta Terrace,27410,3,6
158,Celia,Goadsby,cgoadsby4d@comcast.net,Hummingbird (unidentified),Female,28,5899 Mitchell Lane,87321,4,11
159,Clyde,Springtorp,cspringtorp4e@guardian.co.uk,"Kiskadee, great",Male,78,5962 Division Plaza,70889,1,12
160,Brodie,Viccars,bviccars4f@apple.com,White-necked raven,Male,41,3 Stoughton Road,27242,0,6
161,Ulrich,Milbank,umilbank4g@networksolutions.com,"Capuchin, black-capped",Male,75,526 Brickson Park Place,90471,1,17
162,Chrisse,Greenaway,cgreenaway4h@businessweek.com,Old world fruit bat (unidentified),Male,50,9829 Continental Place,90985,5,2
163,Emiline,Idle,eidle4i@nyu.edu,"Heron, gray",Female,86,6 Fairfield Crossing,45616,4,19
164,Culver,Martill,cmartill4j@theglobeandmail.com,"Heron, grey",Male,51,37038 Corry Way,14594,2,18
165,Zitella,Spikins,zspikins4k@github.io,"Frogmouth, tawny",Female,49,7785 South Junction,79811,1,16
166,Lauree,Benzi,lbenzi4l@booking.com,Red-tailed phascogale,Female,80,157 Marcy Place,65319,2,10
167,Basilius,Candey,bcandey4m@psu.edu,"Vulture, turkey",Male,78,6436 Everett Street,64115,1,1
168,Jessica,Aspel,jaspel4n@google.de,Blackbuck,Female,31,1147 Schiller Plaza,73092,3,6
169,Mordecai,Flaxman,mflaxman4o@theglobeandmail.com,Cottonmouth,Male,57,8 Emmet Terrace,78534,0,9
170,Linc,Winch,lwinch4p@dailymail.co.uk,"Dove, galapagos",Male,43,1781 Lindbergh Center,19639,5,5
171,Camilla,Gateman,cgateman4q@walmart.com,"Dolphin, bottle-nose",Female,23,382 Petterle Center,90334,1,20
172,Cary,Huxstep,chuxstep4r@nationalgeographic.com,Mountain duck,Male,0,3609 Darwin Way,63739,3,14
173,Pauly,Beedom,pbeedom4s@va.gov,"Monkey, vervet",Male,54,1035 Elgar Court,47465,4,20
174,Elspeth,Lattin,elattin4t@ezinearticles.com,"Porcupine, prehensile-tailed",Female,26,135 Bashford Center,21580,2,18
175,Launce,Ivens,livens4u@diigo.com,"Stork, black-necked",Male,35,734 Paget Court,56982,5,12
176,Thorsten,Leglise,tleglise4v@lulu.com,"Tern, royal",Male,36,161 Drewry Center,75870,2,12
177,Tanitansy,Mergue,tmergue4w@free.fr,"Woodpecker, downy",Female,16,2605 Larry Hill,85015,5,13
178,Warde,Beamiss,wbeamiss4x@domainmarket.com,"Goose, greylag",Male,69,59339 Bultman Hill,24764,2,6
179,Kahaleel,Russo,krusso4y@census.gov,Black vulture,Male,77,34 Roxbury Place,42983,1,2
180,Lewiss,Millom,lmillom4z@sciencedaily.com,"Skunk, western spotted",Male,59,0 Old Gate Alley,47951,0,13
181,Damita,Greenman,dgreenman50@washingtonpost.com,"Mynah, common",Female,72,03 Manley Hill,50433,2,11
182,Dorey,Newhouse,dnewhouse51@oracle.com,"Mongoose, banded",Female,96,7396 Rowland Alley,29634,0,16
183,Jorgan,Searle,jsearle52@infoseek.co.jp,Carmine bee-eater,Male,68,4 Twin Pines Alley,77034,4,8
184,Larisa,Palfreeman,lpalfreeman53@soundcloud.com,"Skunk, striped",Female,18,91 Westridge Hill,87113,5,18
185,Conrad,Brislan,cbrislan54@google.com.hk,"Stork, jabiru",Male,32,12 Redwing Avenue,21642,3,6
186,Kakalina,Fitch,kfitch55@surveymonkey.com,Kaffir cat,Female,74,3641 Dwight Center,19614,1,15
187,Lorine,Diess,ldiess56@jalbum.net,Koala,Female,37,6 Center Hill,75484,0,12
188,Odette,Sorrell,osorrell57@slashdot.org,"Devil, tasmanian",Female,41,64752 7th Way,78532,4,1
189,Lion,Riccardini,lriccardini58@icq.com,Llama,Male,11,20 Anhalt Road,86083,4,5
190,Coletta,Whatsize,cwhatsize59@oakley.com,House sparrow,Female,73,901 Rowland Junction,87636,1,19
191,Beverlie,Dulinty,bdulinty5a@cdc.gov,"Lizard, frilled",Female,52,0984 Morrow Drive,91874,5,6
192,Anabal,Pullar,apullar5b@histats.com,Nine-banded armadillo,Female,15,2 Continental Point,73952,1,3
193,Arne,Patullo,apatullo5c@nhs.uk,"Dog, black-tailed prairie",Male,6,03632 Anniversary Alley,45301,3,10
194,Jeni,Sneaker,jsneaker5d@livejournal.com,"Peacock, blue",Female,22,77 Spohn Junction,47139,1,10
195,Patty,Whetson,pwhetson5e@tumblr.com,Bushpig,Male,69,01 Carpenter Place,19753,0,2
196,Ted,Crepin,tcrepin5f@virginia.edu,"Squirrel, golden-mantled ground",Female,35,3 Drewry Plaza,88988,3,13
197,Jackie,Harrold,jharrold5g@businesswire.com,Polar bear,Male,24,24 Loftsgordon Plaza,73212,0,6
198,Flory,Adlem,fadlem5h@who.int,Western bearded dragon,Female,71,191 Schlimgen Circle,19328,2,12
199,Morry,McErlaine,mmcerlaine5i@hexun.com,"Lizard, giant girdled",Male,67,1560 Nancy Pass,69338,4,2
200,Roxanne,Niemetz,rniemetz5j@weebly.com,Eastern white pelican,Female,36,7933 Bonner Hill,97930,4,5
201,Modesta,Cullin,mcullin5k@moonfruit.com,Golden jackal,Female,56,06 Iowa Way,33135,3,12
202,Tannie,Cressor,tcressor5l@cnet.com,"Squirrel, golden-mantled ground",Male,24,5 Melby Place,81989,1,17
203,Riannon,Skpsey,rskpsey5m@joomla.org,Marabou stork,Female,93,5 Harper Parkway,85174,2,7
204,Stuart,Prandin,sprandin5n@home.pl,Paca,Male,3,60 Blackbird Way,93369,2,20
205,Mattie,Argrave,margrave5o@wisc.edu,"Lion, australian sea",Female,87,74429 Coleman Lane,99577,3,15
206,Erick,Bromont,ebromont5p@jiathis.com,Common brushtail possum,Male,15,68 Quincy Terrace,20455,0,12
207,Demetre,McGaw,dmcgaw5q@nsw.gov.au,African jacana,Male,4,1 Welch Street,16747,2,12
208,Hadlee,Stebbings,hstebbings5r@npr.org,"Ibis, sacred",Male,10,93 Bartillon Alley,23778,0,7
209,Fidela,Ruffles,fruffles5s@noaa.gov,Polar bear,Female,53,329 Mccormick Junction,38812,4,19
210,Albina,Rubinovici,arubinovici5t@chron.com,Southern sea lion,Female,35,26244 Swallow Alley,49613,5,16
211,Bryan,Omand,bomand5u@weibo.com,Galapagos dove,Male,62,0399 Valley Edge Avenue,61408,0,17
212,Kermie,Marl,kmarl5v@etsy.com,"Dove, laughing",Male,0,93 Fremont Hill,68666,1,2
213,Joann,Chatenier,jchatenier5w@squidoo.com,"Fox, blue",Female,53,832 Porter Crossing,38369,3,8
214,Malinda,McGeechan,mmcgeechan5x@creativecommons.org,"Rattlesnake, horned",Female,94,806 Forest Avenue,57907,2,1
215,Phyllis,Presnell,ppresnell5y@flavors.me,Common pheasant,Female,6,45 Corscot Lane,51241,0,17
216,Fayina,Weavers,fweavers5z@paginegialle.it,"Vulture, lappet-faced",Female,47,9169 Lake View Way,43450,4,12
217,Lowe,Hawson,lhawson60@upenn.edu,"Eagle, bateleur",Male,27,120 Bartelt Way,32710,5,8
218,Randi,Regus,rregus61@domainmarket.com,"Monkey, red howler",Male,79,66282 Judy Junction,18033,5,10
219,Sinclair,Rigolle,srigolle62@free.fr,Sarus crane,Male,53,583 Orin Terrace,49284,4,4
220,Sarajane,Dorber,sdorber63@facebook.com,"Cat, jungle",Female,87,914 Kipling Trail,68031,1,7
221,Vivianne,Sambell,vsambell64@vk.com,"Marmot, yellow-bellied",Female,86,59 Holy Cross Crossing,46203,5,5
222,Nicholas,Bricham,nbricham65@surveymonkey.com,"Macaw, scarlet",Male,43,053 Westridge Park,14500,4,17
223,Venita,Cantillon,vcantillon66@google.ru,"Dog, bush",Female,27,48 Bluejay Court,84921,3,8
224,Nickie,Ruxton,nruxton67@princeton.edu,Snowy egret,Female,74,0012 Fremont Place,41801,4,15
225,Anna-diana,Mcmanaman,amcmanaman68@aol.com,"Bandicoot, southern brown",Female,24,34806 1st Way,41262,3,12
226,Sukey,Bucklee,sbucklee69@arstechnica.com,"Lizard, frilled",Female,84,33558 Sutteridge Drive,15007,3,11
227,Elmore,Afonso,eafonso6a@sun.com,Malagasy ground boa,Male,13,68259 Forster Center,80048,3,19
228,Moshe,Chipperfield,mchipperfield6b@ox.ac.uk,"Squirrel, european red",Male,75,129 Porter Center,91173,2,6
229,Patrizio,Siderfin,psiderfin6c@123-reg.co.uk,Striped dolphin,Male,81,05184 Charing Cross Trail,37631,4,3
230,Nicolette,Cristofano,ncristofano6d@elegantthemes.com,"Stork, european",Female,94,1081 Hallows Pass,14744,1,19
231,Melissa,Whinney,mwhinney6e@qq.com,"Wapiti, elk,",Female,80,90 Lakewood Gardens Parkway,91469,3,16
232,Trey,Guitonneau,tguitonneau6f@blogspot.com,Common ringtail,Male,31,137 Messerschmidt Way,69902,1,18
233,Sander,Harkess,sharkess6g@linkedin.com,Gray langur,Male,40,154 Clemons Park,47349,3,19
234,Amandie,Allcorn,aallcorn6h@sun.com,"Iguana, common green",Female,36,02 Hauk Park,14484,2,8
235,Rosette,Durrand,rdurrand6i@shutterfly.com,"Tern, royal",Female,73,80249 Alpine Pass,68376,1,10
236,Edward,Durrett,edurrett6j@unicef.org,Brazilian tapir,Male,98,32 Chive Lane,31728,2,12
237,Burlie,Dorber,bdorber6k@npr.org,Asiatic wild ass,Male,56,67 Westend Road,94817,1,8
238,Selle,Baxstair,sbaxstair6l@seattletimes.com,"Eagle, african fish",Female,1,8 Mcguire Parkway,99443,1,6
239,Sheff,Karlicek,skarlicek6m@google.it,"Albatross, waved",Male,24,00 Lillian Point,76555,0,8
240,Deni,Lilloe,dlilloe6n@nsw.gov.au,"Mongoose, yellow",Female,12,47 Donald Road,14449,1,13
241,Guthry,Caddan,gcaddan6o@examiner.com,North American porcupine,Male,100,71 Golf Avenue,77064,5,16
242,Ange,Roma,aroma6p@google.pl,White rhinoceros,Male,65,93 Havey Park,65871,5,17
243,Gregg,Acory,gacory6q@ebay.com,House sparrow,Male,20,8000 Bluejay Alley,75164,3,11
244,Patrick,Ingerson,pingerson6r@lycos.com,"Crab, red lava",Male,38,7937 Main Plaza,14299,0,15
245,Vivienne,Ogilvie,vogilvie6s@ebay.com,"Hawk, galapagos",Female,33,87 Eastlawn Crossing,16955,3,2
246,Papageno,Prigg,pprigg6t@lycos.com,Salmon pink bird eater tarantula,Male,76,00791 Shelley Park,31171,1,7
247,Bellina,Sallan,bsallan6u@japanpost.jp,"Monster, gila",Female,81,49287 Hoepker Pass,13225,2,5
248,Marisa,Bolens,mbolens6v@webeden.co.uk,European stork,Female,82,626 Pearson Avenue,18250,4,16
249,Zelig,Dorricott,zdorricott6w@infoseek.co.jp,"Grenadier, purple",Male,77,8818 Transport Court,60246,1,17
250,Lesley,Penhalewick,lpenhalewick6x@naver.com,Adouri (unidentified),Male,3,10 Knutson Trail,56805,0,19
251,Rosabel,Camilleri,rcamilleri6y@wiley.com,White-winged dove,Female,45,7976 Jay Street,48966,5,16
252,Cthrine,Law,claw6z@t-online.de,Fork-tailed drongo,Female,8,355 Loftsgordon Parkway,39015,4,2
253,Lurleen,Solleme,lsolleme70@stanford.edu,"Hyena, brown",Female,40,49 Trailsway Lane,61660,3,10
254,Neely,Chillingworth,nchillingworth71@apple.com,"Spoonbill, white",Female,12,0296 Declaration Place,96187,2,12
255,Ansley,Traske,atraske72@shutterfly.com,"Cat, jungle",Female,27,71916 Derek Road,95643,4,19
256,Adolph,De Domenico,adedomenico73@ftc.gov,"Duck, mountain",Male,38,5 Sullivan Avenue,34902,5,1
257,Artur,Ephson,aephson74@desdev.cn,Bat-eared fox,Male,25,883 Glendale Avenue,74959,5,3
258,Basile,Chattell,bchattell75@github.com,Common nighthawk,Male,4,91017 Hooker Park,73261,0,19
259,Gusella,Molnar,gmolnar76@scribd.com,Eleven-banded armadillo (unidentified),Female,31,740 Shoshone Parkway,19763,3,14
260,Jodi,Jozwiak,jjozwiak77@harvard.edu,Southern lapwing,Male,26,8 Debs Crossing,69778,5,3
261,Sergent,Picken,spicken78@goo.ne.jp,Horned lark,Male,13,44 Dennis Pass,61261,5,9
262,Philbert,Brower,pbrower79@flickr.com,European spoonbill,Male,30,4348 Elmside Avenue,78466,2,6
263,Darby,Blaby,dblaby7a@pinterest.com,Jaguar,Male,52,921 Gateway Alley,60794,1,17
264,Jaquenette,MacConneely,jmacconneely7b@dropbox.com,"Stork, yellow-billed",Female,60,83 Tennyson Circle,69375,4,17
265,Dall,Truswell,dtruswell7c@tuttocitta.it,"Lizard, collared",Male,9,5213 Grasskamp Crossing,16567,1,20
266,Chery,Kinsell,ckinsell7d@sogou.com,Black-tailed tree creeper,Female,21,14412 Hoffman Road,35094,2,13
267,Brandy,Pheasey,bpheasey7e@nhs.uk,"Hoopoe, eurasian",Female,78,565 Delaware Hill,13586,2,11
268,Conny,Ellerton,cellerton7f@squarespace.com,Kelp gull,Male,14,9 Anthes Terrace,68208,0,9
269,Vonny,Jannex,vjannex7g@mapy.cz,"Egret, great",Female,3,1 Fairfield Road,13270,3,10
270,Raffaello,Simmon,rsimmon7h@bigcartel.com,North American river otter,Male,95,3 Weeping Birch Plaza,92893,4,12
271,Shina,Peers,speers7i@livejournal.com,Common green iguana,Female,79,04139 Fisk Junction,58870,4,19
272,Patric,Cashley,pcashley7j@shinystat.com,Orca,Male,14,3668 Anniversary Way,61521,5,17
273,Perrine,Stoyles,pstoyles7k@ustream.tv,White-throated monitor,Female,45,15134 Artisan Alley,15202,5,7
274,Skippy,Richardsson,srichardsson7l@elpais.com,"Macaw, red and blue",Male,21,04 Eagan Junction,72805,5,6
275,Teressa,Mattingly,tmattingly7m@multiply.com,Sloth bear,Female,44,9538 Kropf Alley,92558,1,11
276,Alanna,Abramchik,aabramchik7n@cbc.ca,Bennett's wallaby,Female,79,935 Eagle Crest Hill,25477,2,1
277,Tirrell,Lokier,tlokier7o@ibm.com,"Pelican, brown",Male,54,61 Fisk Drive,91038,2,15
278,Harrie,Ondrousek,hondrousek7p@prnewswire.com,"Civet, common palm",Female,81,100 Fair Oaks Park,42778,1,19
279,Heloise,Kayes,hkayes7q@networksolutions.com,"Booby, blue-faced",Female,80,5 Kensington Drive,87888,5,10
280,Gavra,Blaker,gblaker7r@jiathis.com,Desert spiny lizard,Female,78,02 David Street,84870,4,20
281,Adamo,Helsdon,ahelsdon7s@home.pl,Openbill stork,Male,11,76 Hauk Point,17236,0,5
282,Ronnica,Joret,rjoret7t@apache.org,"Mockingbird, galapagos",Female,22,43 Prentice Parkway,82451,1,18
283,Eada,Lebond,elebond7u@yandex.ru,"Cockatoo, sulfur-crested",Female,3,590 Stuart Hill,80766,1,17
284,Norton,Copsey,ncopsey7v@51.la,Ferruginous hawk,Male,56,62690 Sunnyside Hill,87960,0,17
285,Delainey,Lyddiatt,dlyddiatt7w@bluehost.com,Small-clawed otter,Male,38,2 Waxwing Circle,67403,4,13
286,Gabi,Babcock,gbabcock7x@google.de,Vine snake (unidentified),Male,63,29 Sommers Trail,37007,0,10
287,Sephira,Patters,spatters7y@icio.us,"Beaver, american",Female,17,5501 Armistice Parkway,58832,1,4
288,Jeremias,Conkie,jconkie7z@de.vu,Radiated tortoise,Male,78,36 Anthes Plaza,43454,0,12
289,Randolph,Cleeves,rcleeves80@surveymonkey.com,Cuis,Male,9,70785 North Place,60962,2,13
290,Kristel,Gabala,kgabala81@bloglovin.com,Carpet python,Female,63,035 Moland Point,65773,2,5
291,Jamil,Dwelly,jdwelly82@nasa.gov,"Swan, trumpeter",Male,18,485 Vidon Drive,77817,1,14
292,Foster,Chaffey,fchaffey83@twitpic.com,American marten,Male,45,6 Roth Circle,98087,3,20
293,Inglebert,Fitchen,ifitchen84@dailymail.co.uk,"Squirrel, palm",Male,4,5 Forest Avenue,55892,1,19
294,Gweneth,Crocumbe,gcrocumbe85@vinaora.com,Galapagos tortoise,Female,42,60250 Gateway Point,74899,4,13
295,Hartley,Casey,hcasey86@meetup.com,"Owl, australian masked",Male,21,16231 Oxford Court,99892,5,9
296,Angel,Gabites,agabites87@google.ca,"Trumpeter, green-winged",Male,53,746 Hallows Crossing,58463,5,14
297,Troy,Purdon,tpurdon88@phpbb.com,"Barbet, black-collared",Male,28,7924 Gateway Pass,29571,5,6
298,Percival,Chastenet,pchastenet89@bbc.co.uk,Caribou,Male,13,05 Kinsman Lane,21792,2,17
299,Fletcher,Broader,fbroader8a@mlb.com,Blesbok,Male,35,629 Cottonwood Lane,48418,4,9
300,Nappy,Altamirano,naltamirano8b@imgur.com,"Drongo, fork-tailed",Male,100,47 Lawn Hill,49111,5,17
301,Eal,MacGille,emacgille8c@smugmug.com,Fork-tailed drongo,Male,95,39971 Homewood Junction,14561,3,9
302,Nerte,Scally,nscally8d@newsvine.com,"Heron, gray",Female,5,82257 Scoville Avenue,67745,2,7
303,Carmelle,Betteriss,cbetteriss8e@bloglines.com,Japanese macaque,Female,52,88 Dryden Circle,72807,5,3
304,Chanda,Auton,cauton8f@mediafire.com,"Macaque, rhesus",Female,86,413 New Castle Alley,45708,1,10
305,Nataniel,Heady,nheady8g@mlb.com,Water monitor,Male,15,57892 Old Shore Lane,52773,0,13
306,Wendeline,Redgewell,wredgewell8h@nbcnews.com,Red squirrel,Female,96,29 Lunder Hill,12964,5,7
307,Finlay,Stollberger,fstollberger8i@pagesperso-orange.fr,"Kangaroo, red",Male,28,8918 Blackbird Court,20342,5,11
308,Terza,Galey,tgaley8j@weebly.com,"Chipmunk, least",Female,51,4 Toban Hill,28684,1,20
309,Lois,Bassil,lbassil8k@youtu.be,Tiger snake,Female,79,5615 Stang Place,80818,3,7
310,Norrie,Stroton,nstroton8l@uol.com.br,Common brushtail possum,Male,43,26 Ridgeway Street,55966,0,1
311,Allayne,Honywill,ahonywill8m@github.io,White-tailed jackrabbit,Male,36,55707 Mandrake Pass,56670,5,19
312,Vivien,Scurlock,vscurlock8n@youtu.be,"Racer, american",Female,55,25032 Merry Hill,21827,5,6
313,Oates,Bryns,obryns8o@51.la,Gulls (unidentified),Male,57,48 Sunbrook Park,45142,4,13
314,Philippa,Woolsey,pwoolsey8p@jiathis.com,Black-crowned crane,Female,42,63268 Westend Alley,75825,2,18
315,Newton,Hasson,nhasson8q@multiply.com,Arctic fox,Male,95,4573 Meadow Vale Parkway,31974,5,17
316,Zorana,Ledley,zledley8r@ovh.net,Ocelot,Female,29,950 Red Cloud Crossing,12479,3,17
317,Tanya,Dake,tdake8s@edublogs.org,Yellow baboon,Female,97,89820 Sundown Center,54439,1,15
318,Merry,Ascrofte,mascrofte8t@engadget.com,Red lava crab,Female,6,6 Fairview Hill,32547,1,13
319,Adham,Moulden,amoulden8u@diigo.com,Blue-breasted cordon bleu,Male,47,3653 Randy Lane,72769,2,6
320,Georgie,Sheekey,gsheekey8v@ask.com,"Kangaroo, eastern grey",Male,80,0 Bonner Circle,51581,4,17
321,Currie,Mazey,cmazey8w@infoseek.co.jp,"Hyena, brown",Male,68,2285 Prentice Way,78044,1,2
322,Huntlee,Rossiter,hrossiter8x@ehow.com,American black bear,Male,3,2 Lakewood Gardens Parkway,92636,1,16
323,Letizia,Janeway,ljaneway8y@delicious.com,Ground legaan,Female,56,3 Walton Center,51093,1,19
324,Derk,Boarer,dboarer8z@merriam-webster.com,Black-tailed deer,Male,100,4904 Sunfield Drive,59814,0,17
325,Devlen,Saltmarsh,dsaltmarsh90@cpanel.net,Vine snake (unidentified),Male,92,2 Acker Way,79802,2,7
326,Jaquenette,Rotherham,jrotherham91@microsoft.com,"Marmot, yellow-bellied",Female,75,64 La Follette Trail,14116,2,13
327,Marcelline,Carrol,mcarrol92@hexun.com,"Otter, oriental short-clawed",Female,85,66321 Waubesa Parkway,53808,0,15
328,Lovell,Szwarc,lszwarc93@cornell.edu,"Bear, polar",Male,93,6291 Lindbergh Drive,76800,2,12
329,Garner,Vellender,gvellender94@usnews.com,Gray langur,Male,13,20275 Kim Terrace,89995,1,1
330,Kristian,Knellen,kknellen95@smh.com.au,North American porcupine,Male,8,2 Warner Terrace,46768,2,20
331,Jedidiah,Ros,jros96@ucoz.com,Tawny frogmouth,Male,100,6 Sage Parkway,48934,2,14
332,Brewer,Limming,blimming97@domainmarket.com,"Deer, barasingha",Male,31,0 Dunning Pass,64819,0,19
333,Louisette,Tallboy,ltallboy98@google.co.jp,North American porcupine,Female,9,5 American Ash Junction,24622,5,4
334,Vince,Berthon,vberthon99@illinois.edu,House sparrow,Male,30,57 Heffernan Terrace,65052,4,8
335,Adaline,Russell,arussell9a@soundcloud.com,"Fox, crab-eating",Female,10,11 Manufacturers Avenue,60885,1,14
336,Elinore,Cromwell,ecromwell9b@businesswire.com,"White-eye, cape",Female,5,11 Southridge Junction,56696,3,4
337,Radcliffe,Sharpin,rsharpin9c@digg.com,Darwin ground finch (unidentified),Male,71,19619 Delladonna Lane,89051,0,18
338,Ethyl,Hexum,ehexum9d@admin.ch,Common green iguana,Female,100,63 Forest Run Crossing,81664,0,14
339,Ephraim,Vaud,evaud9e@cyberchimps.com,"Dove, emerald-spotted wood",Male,7,6330 Mccormick Circle,39743,2,11
340,Burg,Vigors,bvigors9f@bizjournals.com,"Duck, white-faced whistling",Male,98,922 Golf Drive,66896,5,17
341,Sonia,Oughton,soughton9g@over-blog.com,Kafue flats lechwe,Female,79,9 Pond Terrace,45024,2,14
342,Annice,Poultney,apoultney9h@newsvine.com,"Sheep, american bighorn",Female,10,798 Shopko Court,44190,5,17
343,Zuzana,Tarpey,ztarpey9i@geocities.jp,African wild dog,Female,30,9 New Castle Terrace,95339,5,13
344,Jakob,Merioth,jmerioth9j@dedecms.com,Vicuna,Male,84,2 Stephen Crossing,73587,3,1
345,Bianca,Goman,bgoman9k@dot.gov,Large cormorant,Female,60,48 Burrows Park,55171,2,15
346,Clayborn,Dominguez,cdominguez9l@drupal.org,"Squirrel, antelope ground",Male,99,230 Thackeray Road,36435,5,13
347,Ailyn,Zimek,azimek9m@va.gov,Horned lark,Female,98,2608 Carpenter Court,42243,3,8
348,Vin,Daniely,vdaniely9n@statcounter.com,Cape Barren goose,Female,95,9824 Milwaukee Terrace,29863,4,20
349,Alejoa,Jillins,ajillins9o@cafepress.com,"Corella, long-billed",Male,91,61 6th Trail,46463,1,4
350,Marlyn,McCullough,mmccullough9p@narod.ru,American badger,Female,40,098 Portage Junction,89167,0,3
351,Tommy,Bellow,tbellow9q@mediafire.com,"Macaque, pig-tailed",Female,96,596 Ohio Alley,39807,4,14
352,Klemens,Zincke,kzincke9r@bizjournals.com,"Cormorant, little",Male,14,6903 Canary Trail,95625,0,16
353,Adriane,Shimoni,ashimoni9s@phoca.cz,"Monitor, water",Female,71,65989 Glacier Hill Crossing,31667,0,9
354,Marshal,Rushsorth,mrushsorth9t@weebly.com,Cereopsis goose,Male,61,042 Farmco Center,93707,0,14
355,Isabeau,Dudliston,idudliston9u@reference.com,Roan antelope,Female,9,90 Laurel Road,24515,2,6
356,Bryanty,Jedrychowski,bjedrychowski9v@phoca.cz,Superb starling,Male,57,7885 Grover Avenue,98924,0,3
357,Aleece,Monro,amonro9w@about.com,Three-banded plover,Female,2,513 Shopko Park,71123,5,8
358,Inez,Dwelly,idwelly9x@list-manage.com,Koala,Female,78,36 Rusk Alley,90831,1,4
359,Stephanie,Zavattiero,szavattiero9y@loc.gov,"Sparrow, rufous-collared",Female,74,904 Sachtjen Way,17199,5,14
360,Chan,Bewly,cbewly9z@phoca.cz,"Iguana, land",Male,12,48543 Transport Terrace,11541,0,12
361,Joice,Dunge,jdungea0@youtube.com,"Porcupine, tree",Female,18,0867 West Parkway,68419,1,17
362,Dani,Bozworth,dbozwortha1@usda.gov,White-throated monitor,Female,88,32 Caliangt Crossing,69910,2,6
363,Tedie,Kesley,tkesleya2@mayoclinic.com,Magistrate black colobus,Male,18,90 Johnson Trail,79637,4,8
364,Raddie,Hunnybun,rhunnybuna3@freewebs.com,Blue peacock,Male,61,47 Scott Terrace,81948,0,4
365,Marjorie,Searles,msearlesa4@cbslocal.com,Black-eyed bulbul,Female,27,56 Heffernan Court,89989,5,9
366,Lonee,Corzon,lcorzona5@prnewswire.com,Great egret,Female,90,815 Eastwood Junction,39052,5,15
367,Gwendolin,Chetter,gchettera6@wordpress.com,Elegant crested tinamou,Female,47,582 Banding Court,45652,3,17
368,Reine,Guerreau,rguerreaua7@mapquest.com,Oribi,Female,26,4327 Artisan Street,60103,2,1
369,Doralia,Summerlad,dsummerlada8@guardian.co.uk,Monitor lizard (unidentified),Female,44,291 Quincy Way,78854,1,11
370,Johny,Scannell,jscannella9@walmart.com,"Buffalo, african",Male,36,6 Vahlen Street,22753,3,5
371,Hayley,Gatherer,hgathereraa@jugem.jp,"Lizard, mexican beaded",Female,42,68 Sullivan Lane,61327,5,16
372,Lon,Caurah,lcaurahab@cdbaby.com,"Brocket, red",Male,49,9985 Vernon Plaza,55290,3,19
373,Andris,Montes,amontesac@rambler.ru,Civet (unidentified),Male,39,5040 Del Sol Lane,47061,4,8
374,Nikki,Gookes,ngookesad@patch.com,"Hartebeest, red",Male,71,35597 Russell Plaza,68478,0,7
375,Drake,Woodwin,dwoodwinae@ameblo.jp,Large cormorant,Male,94,316 Dawn Plaza,94256,1,5
376,Merrick,Girke,mgirkeaf@wordpress.com,Gemsbok,Male,67,2 Buena Vista Junction,81166,0,17
377,Rodney,Cordey,rcordeyag@4shared.com,"Possum, western pygmy",Male,78,66 Aberg Trail,65820,0,13
378,Betti,Aysik,baysikah@alexa.com,"Pie, indian tree",Female,80,724 Basil Court,17878,5,12
379,Wallas,Feldbrin,wfeldbrinai@cornell.edu,"Barbet, levaillant's",Male,17,4742 Rowland Trail,57354,2,13
380,Shantee,Knowlton,sknowltonaj@mediafire.com,Great egret,Female,86,829 Veith Center,88100,2,16
381,Tiena,Muxworthy,tmuxworthyak@over-blog.com,"Wallaby, river",Female,75,709 Swallow Terrace,22185,2,20
382,Sonnie,Powderham,spowderhamal@ehow.com,Tailless tenrec,Female,86,95 Nelson Road,24129,5,3
383,Lynn,Kuzma,lkuzmaam@addthis.com,Slender loris,Male,90,4697 Stephen Avenue,73594,3,9
384,Kahlil,Roantree,kroantreean@google.com.br,"Spoonbill, european",Male,92,4 Linden Court,74573,0,9
385,Torrance,Madoc-Jones,tmadocjonesao@smh.com.au,"Turaco, violet-crested",Male,98,2 Melvin Center,91724,3,14
386,Andrej,Divine,adivineap@usatoday.com,"Macaw, blue and yellow",Male,0,49 Sage Center,60252,1,15
387,Nissie,Lantaff,nlantaffaq@google.ru,Kongoni,Female,12,912 7th Center,12006,4,9
388,Lemmy,Knaggs,lknaggsar@ustream.tv,Comb duck,Male,64,905 Kipling Crossing,62420,0,16
389,Rafael,Rraundl,rrraundlas@instagram.com,"Barbet, levaillant's",Male,77,303 Butterfield Pass,27382,1,16
390,Elita,Seger,esegerat@redcross.org,"Eland, common",Female,75,171 Kenwood Drive,13342,2,1
391,Walsh,Thynne,wthynneau@csmonitor.com,"Rhea, greater",Male,19,8034 Pierstorff Road,55980,0,18
392,Kirsti,Fisher,kfisherav@sciencedaily.com,"Puma, south american",Female,63,2782 Sycamore Junction,44798,0,13
393,Gretna,Grand,ggrandaw@miitbeian.gov.cn,"Duck, white-faced whistling",Female,95,5 Park Meadow Park,83302,5,5
394,Mylo,Gerok,mgerokax@macromedia.com,White-lipped peccary,Male,44,71 Boyd Plaza,97950,3,20
395,Blythe,Dive,bdiveay@360.cn,Slender-billed cockatoo,Female,61,921 Fairfield Park,61325,4,11
396,Nessa,Maskell,nmaskellaz@flavors.me,Klipspringer,Female,93,25875 North Way,40156,4,7
397,Jamey,Sellstrom,jsellstromb0@arstechnica.com,Mississippi alligator,Male,72,6979 Dovetail Center,91675,4,18
398,Frankie,Domini,fdominib1@deliciousdays.com,"Snake, tiger",Male,46,1 Waxwing Way,65621,0,6
399,Hal,Rodnight,hrodnightb2@mysql.com,"Heron, grey",Male,85,28 Buell Parkway,57309,1,11
400,Trudi,Mauser,tmauserb3@rambler.ru,"Monkey, bleeding heart",Female,21,71196 Mcguire Plaza,46292,3,8
401,Willem,Bahls,wbahlsb4@infoseek.co.jp,"Penguin, fairy",Male,67,4057 Holmberg Place,16660,2,1
402,Tawnya,Clayworth,tclayworthb5@squidoo.com,"Magpie, black-backed",Female,63,17340 Morning Plaza,85982,0,20
403,Nissy,Colaton,ncolatonb6@aboutads.info,"Eagle, crowned",Female,80,96433 Garrison Pass,45226,0,2
404,Dee,Melchior,dmelchiorb7@fda.gov,Wild water buffalo,Female,2,83 Russell Park,71069,0,4
405,Sallyanne,Idel,sidelb8@nasa.gov,Baleen whale,Female,96,75 Jackson Terrace,27680,3,19
406,Tim,Endrizzi,tendrizzib9@spiegel.de,Red-winged hawk (unidentified),Male,30,7 Eggendart Hill,98836,2,11
407,Thain,Hanhard,thanhardba@sfgate.com,"Heron, black-crowned night",Male,75,45 Schmedeman Parkway,63821,2,17
408,Jaime,Joesbury,jjoesburybb@ihg.com,Indian giant squirrel,Male,72,7 Arizona Point,19595,1,19
409,Tucker,Klassmann,tklassmannbc@4shared.com,"Squirrel, golden-mantled ground",Male,55,35 Rowland Park,82276,1,13
410,Sauveur,Farncombe,sfarncombebd@canalblog.com,"Marshbird, brown and yellow",Male,28,6 Bartillon Lane,70574,3,9
411,Jecho,Stanbra,jstanbrabe@marriott.com,Common long-nosed armadillo,Male,90,2985 Carpenter Alley,88667,1,3
412,Cary,Jorgensen,cjorgensenbf@nps.gov,Sidewinder,Female,94,75 Rowland Drive,71886,5,1
413,Ericka,Tanby,etanbybg@alexa.com,Ostrich,Female,51,699 Hanover Hill,21622,0,11
414,Cathyleen,Mount,cmountbh@123-reg.co.uk,Hanuman langur,Female,36,9 Burning Wood Parkway,54157,2,19
415,Algernon,Woodus,awoodusbi@imgur.com,"Wallaby, bennett's",Male,34,072 Annamark Plaza,57268,5,10
416,Benyamin,Ricciardi,bricciardibj@tinyurl.com,Great skua,Male,43,1722 Glacier Hill Circle,42686,1,11
417,Jedidiah,Brislane,jbrislanebk@storify.com,"Gull, swallow-tail",Male,96,1080 Graedel Street,21355,4,12
418,Courtenay,Mainz,cmainzbl@drupal.org,Chestnut weaver,Female,76,68 Bowman Alley,17023,3,13
419,Tiff,MacFadyen,tmacfadyenbm@facebook.com,"Squirrel, red",Female,95,33129 7th Crossing,34361,2,5
420,Dimitri,Loudyan,dloudyanbn@vinaora.com,Brown capuchin,Male,19,3 Burrows Road,75581,2,17
421,Gannon,Dreghorn,gdreghornbo@tiny.cc,Malachite kingfisher,Male,42,237 Elka Court,58676,2,7
422,Cecilius,Horley,chorleybp@bravesites.com,Two-toed tree sloth,Male,41,4317 Corscot Court,59411,1,19
423,Thor,Abrahmer,tabrahmerbq@icq.com,White-mantled colobus,Male,38,14459 Kennedy Trail,15744,1,6
424,Merlina,Lung,mlungbr@miitbeian.gov.cn,"Squirrel, nelson ground",Female,86,66 Lien Avenue,79867,1,9
425,Seumas,Flitcroft,sflitcroftbs@ft.com,"Dragon, asian water",Male,21,96 Anniversary Avenue,92937,4,19
426,Therese,Moss,tmossbt@spiegel.de,Common eland,Female,98,5836 Rigney Drive,47158,0,2
427,Karine,Kearford,kkearfordbu@vimeo.com,"Nuthatch, red-breasted",Female,82,94642 Northview Lane,34794,1,9
428,Christiano,Whatley,cwhatleybv@taobao.com,Hudsonian godwit,Male,54,3060 Pond Point,75332,4,14
429,Arte,Legerton,alegertonbw@msu.edu,"Crow, house",Male,21,1 Fieldstone Center,67306,3,1
430,Dalenna,Trippack,dtrippackbx@techcrunch.com,"Cat, kaffir",Female,26,71 Harper Hill,47002,5,15
431,Leonidas,O' Mullane,lomullaneby@scientificamerican.com,"Hawk, red-tailed",Male,24,8416 Hansons Point,53693,4,15
432,Zenia,Skeemor,zskeemorbz@tinyurl.com,Numbat,Female,75,389 Scoville Lane,82509,4,16
433,Dicky,Vinnicombe,dvinnicombec0@stumbleupon.com,"Mongoose, javan gold-spotted",Male,17,615 Gerald Street,20475,1,4
434,Brett,Snoxell,bsnoxellc1@icio.us,"Squirrel, golden-mantled ground",Female,72,38 Dwight Drive,81010,5,7
435,Carr,Mauchlen,cmauchlenc2@utexas.edu,"Crane, stanley",Male,4,2591 Hanson Point,48464,0,16
436,Engelbert,Matthewson,ematthewsonc3@sciencedirect.com,"Boa, columbian rainbow",Male,89,582 Clemons Hill,15161,5,16
437,Vance,Stollwerk,vstollwerkc4@com.com,Cougar,Male,25,809 Marcy Street,74292,0,1
438,Rutherford,Urwin,rurwinc5@google.com.br,Springhare,Male,37,40 Green Terrace,59666,2,18
439,Corrianne,Bonnett,cbonnettc6@shareasale.com,Giraffe,Female,19,74844 Packers Point,29570,0,20
440,Sherye,Pryn,sprync7@spiegel.de,"Toucan, red-billed",Female,32,6 Shelley Way,50841,2,16
441,Harrison,Runnacles,hrunnaclesc8@zdnet.com,Three-banded plover,Male,78,53498 Cordelia Parkway,14230,2,6
442,Garvy,Rehme,grehmec9@springer.com,Great cormorant,Male,26,64212 Eggendart Street,83270,3,18
443,Nickolaus,Clayworth,nclayworthca@google.com,Emu,Male,18,68 Oakridge Drive,84162,2,19
444,Gerri,Beagan,gbeagancb@theatlantic.com,Mandras tree shrew,Female,92,360 Jenifer Way,49007,0,8
445,Lalo,Paty,lpatycc@un.org,"Sunbird, lesser double-collared",Male,16,6 Eastlawn Circle,33314,2,1
446,Olive,Lydall,olydallcd@prweb.com,"Jackal, golden",Female,43,0872 Bunker Hill Street,20537,2,20
447,Padget,Spurret,pspurretce@edublogs.org,Red-necked phalarope,Male,97,2563 Cascade Way,35490,1,11
448,Eleanora,Plampin,eplampincf@nytimes.com,"Ibis, puna",Female,85,132 Saint Paul Junction,68077,4,16
449,Rockey,Worcs,rworcscg@mashable.com,"Hawk, red-tailed",Male,46,2123 Autumn Leaf Crossing,62374,3,1
450,Rora,Forgan,rforganch@blogger.com,Red howler monkey,Female,82,7 Lakewood Drive,94873,4,8
451,Piggy,Cason,pcasonci@loc.gov,Common wallaroo,Male,78,41583 East Alley,67825,2,4
452,Kathryn,Butting,kbuttingcj@virginia.edu,"Squirrel, malabar",Female,18,92 Fuller Drive,86753,3,2
453,Gilberta,Dowsett,gdowsettck@thetimes.co.uk,Black vulture,Female,82,44 Debra Circle,74730,1,20
454,Wendi,McCambrois,wmccambroiscl@shinystat.com,"Skimmer, four-spotted",Female,91,69087 Beilfuss Terrace,14337,0,16
455,Jameson,Lodden,jloddencm@surveymonkey.com,Red-tailed hawk,Male,17,59865 Ruskin Point,50960,1,16
456,Ralph,Bevington,rbevingtoncn@ftc.gov,Snowy owl,Male,7,3504 Vernon Street,66546,2,3
457,Alec,Simonsen,asimonsenco@umich.edu,"Alligator, mississippi",Male,35,3495 Manufacturers Pass,83493,3,18
458,Louie,Turland,lturlandcp@lycos.com,Black kite,Male,20,52516 Algoma Avenue,85495,2,14
459,Babbie,Baigent,bbaigentcq@studiopress.com,Cuis,Female,61,4992 Quincy Point,48314,3,19
460,Katinka,Stych,kstychcr@smh.com.au,Southern elephant seal,Female,70,92 Orin Alley,18016,4,11
461,Guenevere,Wetherick,gwetherickcs@smh.com.au,"Curlew, black",Female,28,3665 Cottonwood Hill,71453,1,5
462,Petey,Olford,polfordct@msu.edu,"Badger, european",Male,77,25929 North Circle,88551,1,14
463,Brody,Stepney,bstepneycu@hao123.com,"Ringtail, common",Male,61,4 Weeping Birch Street,53337,5,3
464,Erinn,Plank,eplankcv@list-manage.com,"Heron, gray",Female,79,50 Mariners Cove Place,53782,3,14
465,Inna,Vize,ivizecw@spiegel.de,Rhesus monkey,Female,70,95224 Monterey Junction,71137,1,13
466,Brandy,Poyzer,bpoyzercx@ftc.gov,Kafue flats lechwe,Female,48,50945 Mitchell Crossing,20495,2,17
467,Denny,Vlies,dvliescy@tinyurl.com,Chital,Female,27,58 Center Pass,72551,0,14
468,Annelise,Nelhams,anelhamscz@homestead.com,"Langur, common",Female,36,769 Fulton Plaza,74033,4,20
469,Dorey,Oylett,doylettd0@nationalgeographic.com,Giraffe,Male,52,461 Arrowood Place,16541,0,18
470,Enid,Prene,eprened1@discuz.net,"Sloth, two-toed tree",Female,89,59848 Grayhawk Point,78021,5,7
471,Eddie,Croci,ecrocid2@networksolutions.com,Sugar glider,Female,23,7 Anthes Parkway,38429,4,16
472,Celie,Senten,csentend3@infoseek.co.jp,Spectacled caiman,Female,76,990 Dahle Center,67353,0,19
473,Sari,Muro,smurod4@privacy.gov.au,Feathertail glider,Female,40,17384 Weeping Birch Hill,45988,4,7
474,Fidelia,Luna,flunad5@free.fr,Gray heron,Female,45,678 Hauk Way,54051,3,3
475,Kathlin,Borles,kborlesd6@salon.com,"Albatross, galapagos",Female,89,2 Packers Lane,58878,0,10
476,Rhiamon,McGenn,rmcgennd7@1688.com,Mississippi alligator,Female,48,74828 Scofield Road,89961,5,10
477,Rolfe,Wheaton,rwheatond8@icio.us,Salmon pink bird eater tarantula,Male,27,166 Gateway Circle,92801,2,10
478,Mariejeanne,Roussell,mrousselld9@utexas.edu,Green-winged macaw,Female,51,44122 Corben Crossing,66033,5,11
479,Art,Augie,aaugieda@symantec.com,"Woodpecker, red-headed",Male,92,242 Artisan Court,31575,2,19
480,Amory,Filipchikov,afilipchikovdb@addthis.com,"Sungazer, yellow-brown",Male,21,7 Shoshone Street,51188,3,9
481,Lowrance,Lauret,llauretdc@ox.ac.uk,Indian giant squirrel,Male,94,60653 Drewry Drive,58957,0,12
482,Cinnamon,O'Fogarty,cofogartydd@samsung.com,American woodcock,Female,71,1 Claremont Hill,42389,2,16
483,Brit,Ball,bballde@google.com,"Puma, south american",Male,30,95 Corscot Way,31059,2,17
484,Marlee,Shoppee,mshoppeedf@weather.com,"Lizard, giant girdled",Female,97,4 Harper Hill,94977,3,2
485,Athena,Simison,asimisondg@jugem.jp,Canadian tiger swallowtail butterfly,Female,14,3612 Oak Valley Junction,85025,0,14
486,Juliet,Rathjen,jrathjendh@devhub.com,"Monkey, rhesus",Female,95,231 Sage Plaza,28305,2,19
487,Worthy,Stanyer,wstanyerdi@blogs.com,White stork,Male,26,8799 Elgar Way,44608,1,15
488,Bartholomeus,Spinnace,bspinnacedj@webmd.com,"Pie, indian tree",Male,26,34248 Clarendon Alley,73751,2,6
489,Kayle,Exrol,kexroldk@list-manage.com,Large-eared bushbaby,Female,86,0 Gerald Road,16629,5,4
490,Grover,Pengelly,gpengellydl@fda.gov,"Plover, blacksmith",Male,23,0 Melby Place,20546,2,10
491,Antin,Brickstock,abrickstockdm@amazon.co.jp,"Badger, american",Male,89,71 Oak Valley Circle,38793,1,16
492,Bette-ann,Titterell,btitterelldn@tiny.cc,Southern tamandua,Female,37,85 Armistice Court,56668,1,6
493,Gwenora,Vint,gvintdo@webeden.co.uk,"Dunnart, fat-tailed",Female,91,81883 Lakewood Place,53087,0,16
494,Milt,Roderighi,mroderighidp@ycombinator.com,Lapwing (unidentified),Male,21,65 Schurz Road,25563,4,5
495,Bennie,Bikker,bbikkerdq@wix.com,Two-toed tree sloth,Female,27,7 Paget Park,74255,4,20
496,Bobbee,Boughtwood,bboughtwooddr@usnews.com,"Pigeon, feral rock",Female,83,14722 Elka Circle,84553,2,1
497,Vernon,Gifkins,vgifkinsds@cnbc.com,"Porcupine, african",Male,20,01651 Hansons Lane,71931,1,15
498,Carry,Gurery,cgurerydt@mlb.com,"Squirrel, european red",Female,75,7 Fieldstone Alley,77633,2,14
499,Douglass,Trewman,dtrewmandu@paypal.com,"Monitor, two-banded",Male,23,2 Tennyson Street,62237,0,5
500,Billie,Bodega,bbodegadv@exblog.jp,Grizzly bear,Female,4,6 Lunder Crossing,73650,4,16
